City_ID,City,Country,Lat,Lng,Max Temp,Humidity,Cloudiness,Wind Speed,Weather Description
0,Clyde River,CA,70.4692,-68.5914,39.43,93,75,9.22,broken clouds
1,Punta Arenas,CL,-53.15,-70.9167,39.31,87,40,28.77,light rain
2,Zyryanka,RU,65.75,150.85,48.4,56,68,7.02,broken clouds
3,Auki,SB,-8.7676,160.7034,78.62,81,38,5.82,scattered clouds
4,Raudeberg,NO,61.9875,5.1352,52.86,81,21,16.64,few clouds
5,Vostok,RU,46.4856,135.8833,70.12,80,55,0.92,broken clouds
6,Emmett,US,43.8735,-116.4993,95.68,33,94,1.01,overcast clouds
7,Port Alfred,ZA,-33.5906,26.891,58.08,81,35,20.38,scattered clouds
8,Thompson,CA,55.7435,-97.8558,80.67,33,48,4.56,scattered clouds
9,Vaini,TO,-21.2,-175.2,73.56,73,75,14.97,broken clouds
10,Jamestown,US,42.097,-79.2353,72.72,50,75,5.01,broken clouds
11,Dongsheng,CN,39.8161,109.9776,66.6,64,100,17.31,moderate rain
12,Carberry,CA,49.8689,-99.3602,86.23,15,52,6.78,broken clouds
13,Avarua,CK,-21.2078,-159.775,78.85,83,90,9.22,moderate rain
14,Taree,AU,-31.9,152.4667,58.57,94,69,3.44,broken clouds
15,Sur,OM,22.5667,59.5289,87.19,60,53,11.54,broken clouds
16,Tasiilaq,GL,65.6145,-37.6368,46.56,83,100,2.59,overcast clouds
17,Balkanabat,TM,39.5108,54.3671,90.28,14,99,4.47,overcast clouds
18,Lloydminster,CA,53.2835,-110.0016,89.28,33,90,9.22,smoke
19,Bela,IN,25.9333,81.9833,77.9,86,12,8.55,few clouds
20,Khromtau,KZ,50.2503,58.4347,74.16,38,17,7.54,few clouds
21,Shancheng,CN,34.7953,116.0817,72.36,93,14,5.55,light rain
22,Ostrovnoy,RU,68.0531,39.5131,51.82,96,72,4.99,broken clouds
23,Tual,ID,-5.6667,132.75,81.45,73,96,18.79,overcast clouds
24,Kyren,RU,51.6828,102.1408,55.17,95,100,1.3,overcast clouds
25,Tuktoyaktuk,CA,69.4541,-133.0374,50.0,87,90,9.22,light rain
26,Khatanga,RU,71.9667,102.5,64.98,62,75,9.62,broken clouds
27,Bestobe,KZ,52.4994,73.0975,67.46,53,14,7.96,few clouds
28,Kavaratti,IN,10.5669,72.642,81.72,74,80,14.25,broken clouds
29,Yaan,NG,7.3833,8.5667,73.38,91,99,6.29,light rain
30,Skelleftea,SE,64.7507,20.9528,51.01,65,90,3.44,overcast clouds
31,Bingol,TR,38.8847,40.4939,73.54,42,51,6.15,broken clouds
32,Pangnirtung,CA,66.1451,-65.7125,46.4,93,90,13.8,overcast clouds
33,Manacapuru,BR,-3.2997,-60.6206,79.38,69,55,4.61,broken clouds
34,Dikson,RU,73.5069,80.5464,50.41,81,81,9.91,broken clouds
35,Laguna,US,38.421,-121.4238,101.64,18,1,3.0,clear sky
36,Lambarene,GA,-0.7001,10.2406,75.7,83,95,5.95,overcast clouds
37,Ushuaia,AR,-54.8,-68.3,40.66,70,75,6.91,light intensity drizzle
38,Kapaa,US,22.0752,-159.319,86.32,79,1,3.0,clear sky
39,Jiwani,PK,25.05,61.7417,81.36,87,63,9.86,broken clouds
40,Saint-Philippe,RE,-21.3585,55.7679,66.22,67,11,0.51,few clouds
41,Puerto Ayora,EC,-0.7393,-90.3518,76.96,84,70,11.36,broken clouds
42,Mount Isa,AU,-20.7333,139.5,62.37,31,90,20.71,overcast clouds
43,Zhezkazgan,KZ,47.8043,67.7144,79.39,30,6,9.31,clear sky
44,Mataura,NZ,-46.1927,168.8643,46.47,95,100,2.28,overcast clouds
45,Rikitea,PF,-23.1203,-134.9692,69.06,57,83,21.63,broken clouds
46,Butaritari,KI,3.0707,172.7902,82.9,71,35,4.99,scattered clouds
47,Narsaq,GL,60.9167,-46.05,53.82,89,92,7.05,overcast clouds
48,Kaitangata,NZ,-46.2817,169.8464,48.92,63,100,9.91,overcast clouds
49,Korla,CN,41.7597,86.1469,76.98,23,98,2.86,overcast clouds
50,Lebu,CL,-37.6167,-73.65,52.68,76,21,19.98,few clouds
51,Bundaberg,AU,-24.85,152.35,66.49,94,7,10.36,clear sky
52,Nouadhibou,MR,20.931,-17.0347,69.78,83,0,12.66,clear sky
53,Atuona,PF,-9.8,-139.0333,77.58,76,22,19.01,few clouds
54,Mangrol,IN,21.1167,70.1167,81.37,83,96,19.53,overcast clouds
55,Nemuro,JP,43.3236,145.575,68.94,98,99,4.85,overcast clouds
56,Carauari,BR,-4.8828,-66.8958,84.11,47,39,2.26,scattered clouds
57,Mount Gambier,AU,-37.8333,140.7667,44.42,89,68,9.4,broken clouds
58,Hobart,AU,-42.8794,147.3294,44.28,89,75,4.61,broken clouds
59,Honningsvag,NO,70.9821,25.9704,48.49,75,68,16.37,broken clouds
60,Barrow,US,71.2906,-156.7887,44.62,81,90,20.71,overcast clouds
61,Yellowknife,CA,62.456,-114.3525,91.33,23,75,3.0,smoke
62,Hithadhoo,MV,-0.6,73.0833,81.68,69,100,5.19,overcast clouds
63,Banda Aceh,ID,5.5577,95.3222,79.02,79,90,12.77,overcast clouds
64,Bluff,NZ,-46.6,168.3333,46.8,68,93,9.13,overcast clouds
65,Naze,JP,28.3667,129.4833,79.72,86,61,15.99,broken clouds
66,Ilulissat,GL,69.2167,-51.1,57.22,47,75,5.75,broken clouds
67,Margate,GB,51.3813,1.3862,62.04,74,100,1.01,overcast clouds
68,Qaanaaq,GL,77.484,-69.3632,45.12,66,100,3.47,overcast clouds
69,San Patricio,US,28.017,-97.5169,97.52,43,39,11.83,scattered clouds
70,Am Timan,TD,11.0297,20.2827,72.52,96,100,9.62,heavy intensity rain
71,Balabac,PH,7.9868,117.0645,83.88,78,100,16.78,overcast clouds
72,Dunedin,NZ,-45.8742,170.5036,45.81,71,100,18.01,overcast clouds
73,Mar Del Plata,AR,-38.0023,-57.5575,54.09,51,0,8.99,clear sky
74,Busselton,AU,-33.65,115.3333,54.19,76,100,7.23,overcast clouds
75,Norman Wells,CA,65.282,-126.8329,88.75,25,0,9.53,clear sky
76,Cape Town,ZA,-33.9258,18.4232,57.11,94,0,4.61,fog
77,Salalah,OM,17.0151,54.0924,77.09,94,90,6.91,overcast clouds
78,Iqaluit,CA,63.7506,-68.5145,50.7,93,75,4.0,fog
79,Sioux Lookout,CA,50.1001,-91.917,79.18,41,90,8.05,smoke
80,Mwense,ZM,-10.3845,28.698,63.16,42,1,3.11,clear sky
81,Okha,RU,53.5739,142.9478,55.06,87,100,11.83,overcast clouds
82,New Norfolk,AU,-42.7826,147.0587,43.92,81,100,2.66,light rain
83,Ginda,IN,30.6945,78.4932,66.94,91,85,1.88,overcast clouds
84,Ende,ID,-8.8432,121.6623,77.02,88,100,6.38,overcast clouds
85,Vardo,NO,70.3705,31.1107,43.0,83,20,2.55,few clouds
86,Bredasdorp,ZA,-34.5322,20.0403,56.28,93,18,4.61,few clouds
87,Constitucion,CL,-35.3333,-72.4167,56.34,70,0,10.42,clear sky
88,Saldanha,ZA,-33.0117,17.9442,56.71,71,0,5.28,clear sky
89,Chokurdakh,RU,70.6333,147.9167,47.68,52,63,8.19,broken clouds
90,Albany,US,42.6001,-73.9662,77.14,50,13,1.99,few clouds
91,Vestmanna,FO,62.1564,-7.1664,49.12,93,90,5.75,overcast clouds
92,Severo-Kurilsk,RU,50.6789,156.125,51.21,77,97,20.36,overcast clouds
93,Georgetown,MY,5.4112,100.3354,80.89,88,20,2.3,few clouds
94,Faanui,PF,-16.4833,-151.75,79.12,76,58,16.73,broken clouds
95,Castro,BR,-24.7911,-50.0119,51.66,82,0,1.57,clear sky
96,Whitianga,NZ,-36.8333,175.7,56.01,76,63,15.23,broken clouds
97,Padang,ID,-0.9492,100.3543,75.25,83,100,4.0,moderate rain
98,Kavieng,PG,-2.5744,150.7967,82.67,78,28,10.56,light rain
99,Nara,JP,34.6851,135.8049,79.92,94,100,3.71,overcast clouds
100,Seoul,KR,37.5683,126.9778,77.76,85,0,1.9,clear sky
101,Souillac,MU,-20.5167,57.5167,59.38,88,20,6.91,few clouds
102,Lagoa,PT,39.05,-27.9833,72.12,91,4,4.7,clear sky
103,Klaeng,TH,12.7797,101.6483,86.95,84,100,8.55,overcast clouds
104,Salyan,AZ,39.5936,48.9805,80.85,34,98,2.53,overcast clouds
105,Newberry,US,34.2746,-81.6187,89.58,51,29,4.85,scattered clouds
106,Benguela,AO,-12.5763,13.4055,70.2,84,0,2.89,clear sky
107,Boddam,GB,57.4667,-1.7833,53.98,79,77,4.54,broken clouds
108,Zhigansk,RU,66.7697,123.3711,62.38,55,17,8.93,few clouds
109,Saskylakh,RU,71.9167,114.0833,64.53,61,24,7.9,few clouds
110,Waterloo,CA,43.4668,-80.5164,75.45,51,40,5.99,scattered clouds
111,Torbay,CA,47.6666,-52.7314,67.68,70,90,6.91,overcast clouds
112,Hofn,IS,64.2539,-15.2082,53.47,86,91,8.37,overcast clouds
113,Rio Claro,BR,-22.4114,-47.5614,66.02,54,1,4.03,clear sky
114,Daru,PG,-9.0763,143.2092,77.4,72,98,9.1,overcast clouds
115,Arraial Do Cabo,BR,-22.9661,-42.0278,73.36,77,0,10.36,clear sky
116,Port Blair,IN,11.6667,92.75,81.59,83,99,21.32,light rain
117,The Valley,AI,18.217,-63.0578,84.06,78,20,10.36,few clouds
118,Nikolskoye,RU,59.7035,30.7861,62.78,99,100,8.88,moderate rain
119,Olinda,BR,-8.0089,-34.8553,73.13,88,75,6.91,broken clouds
120,East London,ZA,-33.0153,27.9116,59.68,79,63,17.63,broken clouds
121,Tessalit,ML,20.1986,1.0114,87.12,41,46,16.24,scattered clouds
122,Hilo,US,19.7297,-155.09,80.33,72,90,8.05,light rain
123,Uchaly,RU,54.2996,59.4521,60.37,74,61,3.4,broken clouds
124,Chaplygin,RU,53.2432,39.9629,66.2,79,35,8.23,scattered clouds
125,Rajauri,IN,33.3833,74.3,74.37,65,0,4.99,clear sky
126,Hami,CN,42.8,93.45,76.73,21,1,5.7,clear sky
127,Atambua,ID,-9.1061,124.8925,69.76,88,75,5.21,broken clouds
128,Belyy Yar,RU,53.6039,91.3903,66.09,72,0,4.47,light rain
129,Cherskiy,RU,68.75,161.3,42.42,57,89,15.93,overcast clouds
130,Jinka,ET,5.65,36.65,66.7,58,96,2.51,overcast clouds
131,Pravokumskoye,RU,44.7694,44.6472,75.74,56,0,4.9,clear sky
132,Catamarca,AR,-28.4696,-65.7852,65.59,32,0,10.58,clear sky
133,Hermanus,ZA,-34.4187,19.2345,57.9,89,3,9.75,clear sky
134,Tiksi,RU,71.6872,128.8694,50.22,63,73,3.94,broken clouds
135,Jalu,LY,29.0331,21.5482,88.75,24,0,10.07,clear sky
136,Mahebourg,MU,-20.4081,57.7,59.29,88,20,6.91,few clouds
137,Suslonger,RU,56.3156,48.2531,72.32,72,12,5.82,few clouds
138,Bethel,US,41.3712,-73.414,79.72,54,1,5.75,clear sky
139,Grand Gaube,MU,-20.0064,57.6608,59.4,63,1,4.38,clear sky
140,Airai,TL,-8.9266,125.4092,55.47,81,71,3.38,broken clouds
141,Vettavalam,IN,12.1,79.25,82.33,53,96,12.64,overcast clouds
142,Pervomayskoye,RU,43.919,46.7102,71.22,70,79,5.86,broken clouds
143,Zemio,CF,5.0314,25.1361,69.15,93,97,1.7,overcast clouds
144,Buta,CD,2.7858,24.73,71.22,87,77,1.23,light rain
145,Richards Bay,ZA,-28.783,32.0377,64.24,82,95,3.62,light rain
146,Moose Factory,CA,51.2585,-80.6094,68.0,72,90,10.36,overcast clouds
147,Muros,ES,42.7762,-9.0603,65.84,78,80,8.32,broken clouds
148,Burnie,AU,-41.0667,145.9167,49.01,90,100,6.22,moderate rain
149,Acapulco,MX,16.8634,-99.8901,89.42,70,20,10.36,few clouds
150,Caibarien,CU,22.5206,-79.4669,92.52,77,100,13.27,overcast clouds
151,Katsuura,JP,35.1333,140.3,84.18,84,42,10.16,scattered clouds
152,Los Llanos De Aridane,ES,28.6585,-17.9182,69.55,92,75,13.8,broken clouds
153,Dzaoudzi,YT,-12.7887,45.2699,71.49,88,0,4.61,clear sky
154,Lubango,AO,-14.9172,13.4925,55.67,32,0,4.07,clear sky
155,Uberlandia,BR,-18.9186,-48.2772,74.41,38,0,2.3,clear sky
156,Truro,GB,50.2653,-5.0544,59.56,80,20,5.75,few clouds
157,Taber,CA,49.8167,-112.1518,88.68,45,99,10.36,overcast clouds
158,Carnarvon,AU,-24.8667,113.6333,44.67,47,0,11.5,clear sky
159,Abha,SA,18.2164,42.5053,64.65,88,20,11.5,few clouds
160,Sola,VU,-13.8833,167.55,75.04,60,83,13.65,broken clouds
161,Kodiak,US,57.79,-152.4072,56.71,77,90,6.91,overcast clouds
162,Belaya Gora,RU,68.5333,146.4167,51.24,45,6,9.04,clear sky
163,Geraldton,AU,-28.7667,114.6,45.01,87,3,10.36,clear sky
164,Havoysund,NO,70.9963,24.6622,49.08,82,19,21.79,light rain
165,Windhoek,NA,-22.5594,17.0832,55.6,35,0,3.44,clear sky
166,Salinopolis,BR,-0.6136,-47.3561,78.94,76,71,8.28,broken clouds
167,Zhigalovo,RU,54.8097,105.1578,53.82,98,72,3.31,broken clouds
168,Waraseoni,IN,21.75,80.0333,74.16,92,100,4.21,overcast clouds
169,Karratha,AU,-20.7377,116.8463,59.04,26,6,17.38,clear sky
170,Esperance,AU,-33.8667,121.9,51.94,80,100,12.03,overcast clouds
171,Flinders,AU,-34.5833,150.8552,59.05,85,65,1.01,broken clouds
172,Nova Granada,BR,-20.5339,-49.3142,73.65,39,4,7.72,clear sky
173,Kununurra,AU,-15.7667,128.7333,75.18,41,66,6.91,broken clouds
174,Ancud,CL,-41.8697,-73.8203,53.13,98,100,3.6,overcast clouds
175,Yerbogachen,RU,61.2767,108.0108,61.9,72,100,3.49,overcast clouds
176,Kamenka,RU,51.3223,42.7678,75.56,42,30,2.39,scattered clouds
177,Kruisfontein,ZA,-34.0033,24.7314,47.88,93,0,5.66,clear sky
178,Plaster Rock,CA,46.9065,-67.39,66.72,98,100,3.67,overcast clouds
179,Cabo San Lucas,MX,22.8909,-109.9124,99.52,49,40,16.11,scattered clouds
180,Komsomolskiy,UZ,40.4272,71.7189,72.82,60,99,6.91,overcast clouds
181,Pevek,RU,69.7008,170.3133,35.04,81,100,19.08,overcast clouds
182,Srednekolymsk,RU,67.45,153.6833,47.19,54,80,10.18,broken clouds
183,Husavik,IS,66.0449,-17.3389,52.77,88,79,4.36,broken clouds
184,Bambous Virieux,MU,-20.3428,57.7575,59.25,88,20,6.91,few clouds
185,Ladson,US,32.9857,-80.1098,89.78,71,75,1.99,thunderstorm
186,Umm Kaddadah,SD,13.6017,26.6876,80.85,64,62,20.02,broken clouds
187,Mercedes,AR,-34.6515,-59.4307,55.51,60,0,5.97,clear sky
188,Tutoia,BR,-2.7619,-42.2744,78.03,75,10,7.7,clear sky
189,Aloleng,PH,16.1307,119.7824,81.86,85,100,22.77,overcast clouds
190,Dukat,RU,62.55,155.55,33.46,92,100,5.93,light snow
191,Lompoc,US,34.6391,-120.4579,92.01,65,1,13.8,clear sky
192,Nanakuli,US,21.3906,-158.1547,87.75,48,20,17.27,few clouds
193,Baykit,RU,61.67,96.37,59.83,75,100,4.23,overcast clouds
194,Hasaki,JP,35.7333,140.8333,82.8,87,97,10.94,overcast clouds
195,Tairua,NZ,-37.0167,175.85,53.1,76,73,14.58,broken clouds
196,Leningradskiy,RU,69.3833,178.4167,33.04,99,100,10.63,light snow
197,Yulara,AU,-25.2406,130.9889,35.44,75,0,8.05,clear sky
198,Rovaniemi,FI,66.5,25.7167,53.01,58,0,5.75,clear sky
199,Kemin,KG,42.7846,75.6892,65.03,38,18,5.23,few clouds
200,Coronel Bogado,PY,-27.1833,-56.3,61.29,61,0,5.57,clear sky
201,Hokitika,NZ,-42.7167,170.9667,47.98,80,100,6.78,overcast clouds
202,Chulman,RU,56.8479,124.9104,54.64,90,72,5.82,broken clouds
203,Bijie,CN,27.3125,105.2942,63.66,82,16,3.71,few clouds
204,Bathurst,AU,-33.4166,149.5806,48.83,98,92,11.12,overcast clouds
205,Barreirinhas,BR,-2.7469,-42.8264,77.72,69,33,6.44,scattered clouds
206,Gawler,AU,-34.6,138.7333,51.55,84,50,11.48,light rain
207,Santa Rosalia,MX,27.3167,-112.2833,91.94,46,100,7.0,overcast clouds
208,Lasa,IT,46.6166,10.7002,58.08,91,50,2.1,scattered clouds
209,Belinskiy,RU,52.9647,43.4165,70.77,54,2,7.74,clear sky
210,Awjilah,LY,29.1081,21.2869,87.91,28,0,12.46,clear sky
211,Touros,BR,-5.1989,-35.4608,76.1,81,24,16.49,few clouds
212,Lata,PT,40.1629,-8.3327,61.81,92,21,2.51,few clouds
213,Port Elizabeth,ZA,-33.918,25.5701,57.49,82,75,11.5,broken clouds
214,Verkhnevilyuysk,RU,63.4453,120.3167,63.03,58,1,4.21,clear sky
215,Ugento,IT,39.9263,18.1574,80.96,43,0,1.59,clear sky
216,Gat,IL,31.61,34.7642,83.39,47,0,4.32,clear sky
217,Chuy,UY,-33.6971,-53.4616,49.77,94,20,5.53,few clouds
218,Saint George,US,37.1041,-113.5841,104.38,19,20,1.01,few clouds
219,Dwarka,IN,22.2394,68.9678,81.41,81,100,23.42,overcast clouds
220,Chara,RU,56.9064,118.2631,54.91,75,72,2.04,broken clouds
221,Miguelopolis,BR,-20.1794,-48.0319,75.02,41,0,3.53,clear sky
222,Avera,US,33.194,-82.5271,92.75,35,13,4.9,few clouds
223,Kathmandu,NP,27.7167,85.3167,71.82,100,75,2.3,broken clouds
224,Mineros,BO,-17.1167,-63.2333,74.05,26,1,3.6,clear sky
225,Tuatapere,NZ,-46.1333,167.6833,46.81,82,99,4.27,overcast clouds
226,Vila Velha,BR,-20.3297,-40.2925,73.96,78,0,0.0,clear sky
227,Ossora,RU,59.2353,163.0719,54.82,55,69,16.06,broken clouds
228,Macusani,PE,-14.0833,-70.4333,38.57,69,54,6.15,broken clouds
229,Provideniya,RU,64.3833,-173.3,51.91,82,90,15.66,moderate rain
230,Ondangwa,NA,-17.9167,15.95,62.6,36,0,5.75,clear sky
231,Xining,CN,36.6167,101.7667,57.34,94,100,1.92,overcast clouds
232,Manzanillo,CU,20.3433,-77.1167,88.29,63,84,5.99,broken clouds
233,Baoshan,CN,46.5586,131.4244,77.0,67,98,5.5,overcast clouds
234,Nanortalik,GL,60.1432,-45.2371,44.62,93,96,2.04,light rain
235,Teguldet,RU,57.3064,88.1667,53.01,88,88,3.36,overcast clouds
236,Kuching,MY,1.55,110.3333,75.42,94,20,3.44,few clouds
237,Barsi,IN,18.2333,75.7,73.33,82,100,9.1,overcast clouds
238,Moron,AR,-34.6534,-58.6198,56.05,55,0,1.01,clear sky
239,Kutum,SD,14.2,24.6667,73.4,65,38,13.98,scattered clouds
240,Rio Gallegos,AR,-51.6226,-69.2181,46.45,46,0,36.82,clear sky
241,Comodoro Rivadavia,AR,-45.8667,-67.5,60.66,36,0,13.8,clear sky
242,Kharp,RU,66.8014,65.8081,51.33,84,96,6.71,overcast clouds
243,Brae,GB,60.3964,-1.353,51.71,72,100,2.44,overcast clouds
244,Gold Coast,AU,-28.0,153.4333,66.27,93,90,1.01,overcast clouds
245,Coxim,BR,-18.5067,-54.76,77.63,31,6,2.57,clear sky
246,Bengkulu,ID,-3.8004,102.2655,74.95,89,47,3.51,scattered clouds
247,Quatre Cocos,MU,-20.2078,57.7625,59.11,70,1,3.83,clear sky
248,Dingle,PH,10.9995,122.6711,79.0,86,100,9.98,light rain
249,Port Lincoln,AU,-34.7333,135.8667,51.64,62,65,18.99,broken clouds
250,Hobyo,SO,5.3505,48.5268,77.22,78,38,23.49,scattered clouds
251,Cajaruro,PE,-5.7364,-78.4256,81.93,56,52,6.26,light rain
252,Te Anau,NZ,-45.4167,167.7167,40.66,90,45,1.54,scattered clouds
253,Nizhniy Kuranakh,RU,58.8353,125.4869,56.53,90,99,3.58,overcast clouds
254,Selenduma,RU,50.9131,106.2406,59.47,88,100,5.48,light rain
255,Andros Town,BS,24.7,-77.7667,84.16,73,100,12.8,moderate rain
256,Soubre,CI,5.7856,-6.6083,71.4,94,19,3.33,few clouds
257,Ortakoy,TR,38.7373,34.0387,70.05,59,0,4.0,clear sky
258,Liverpool,GB,53.4106,-2.9779,57.69,75,0,3.44,clear sky
259,Carutapera,BR,-1.195,-46.02,75.97,85,71,5.91,broken clouds
260,Russell,US,32.3502,-85.1999,82.11,90,75,6.91,thunderstorm with light rain
261,Aklavik,CA,68.2191,-135.0107,64.4,72,75,9.22,broken clouds
262,Sokoni,TZ,-6.4333,39.55,75.43,77,63,14.38,broken clouds
263,Zlitan,LY,32.4674,14.5687,83.79,57,0,8.52,clear sky
264,Cayenne,GF,4.9333,-52.3333,82.09,81,44,2.3,scattered clouds
265,Bielsk Podlaski,PL,52.7651,23.1865,57.02,84,6,11.01,clear sky
266,Denpasar,ID,-8.65,115.2167,76.66,100,75,9.22,moderate rain
267,Fortuna,US,40.5982,-124.1573,68.94,71,20,1.01,few clouds
268,Bakchar,RU,57.0186,82.0711,55.51,95,99,2.51,overcast clouds
269,Fairbanks,US,64.8378,-147.7164,85.01,44,1,1.01,clear sky
270,Kalmunai,LK,7.4167,81.8167,79.57,67,99,3.96,overcast clouds
271,Talmenka,RU,53.8183,83.5677,63.84,93,55,3.78,broken clouds
272,Moissala,TD,8.3404,17.7663,71.53,96,100,3.85,overcast clouds
273,Sri Aman,MY,1.2376,111.4621,73.45,94,66,2.3,broken clouds
274,Halifax,CA,44.6453,-63.5724,62.65,88,100,1.99,overcast clouds
275,Waipawa,NZ,-41.4122,175.5153,47.03,82,100,12.86,light rain
276,Longyearbyen,SJ,78.2186,15.6401,42.24,91,100,9.91,light rain
277,Camocim,BR,-2.9022,-40.8411,77.4,75,19,6.93,few clouds
278,At-Bashi,KG,41.1702,75.8106,51.82,80,30,1.21,scattered clouds
279,Smithfield,US,41.922,-71.5495,79.99,52,1,1.01,clear sky
280,Alofi,NU,-19.0595,-169.9187,76.89,73,20,10.36,few clouds
281,Rocha,UY,-34.4833,-54.3333,46.29,91,26,3.24,scattered clouds
282,Suleja,NG,9.1758,7.1808,69.91,98,100,1.34,overcast clouds
283,Ponta Do Sol,PT,32.6667,-17.1,73.0,76,8,6.96,clear sky
284,Northam,GB,51.0333,-4.2167,59.02,88,27,6.64,scattered clouds
285,Coihaique,CL,-45.5752,-72.0662,47.01,57,20,3.44,few clouds
286,Itagiba,BR,-14.2836,-39.8428,66.18,76,94,3.0,overcast clouds
287,Soyo,AO,-6.1349,12.3689,72.5,86,35,5.59,scattered clouds
288,Phek,IN,25.6667,94.5,58.68,99,93,1.66,light rain
289,Morbach,DE,49.8167,7.1167,57.52,87,0,3.44,clear sky
290,Kyshtovka,RU,56.555,76.6271,56.66,96,75,6.55,broken clouds
291,Conde,BR,-7.2597,-34.9075,72.86,94,75,4.61,broken clouds
292,Hervey Bay,AU,-25.2986,152.8535,66.31,87,4,12.91,clear sky
293,Cidreira,BR,-30.1811,-50.2056,53.56,85,0,6.33,clear sky
294,Canguaretama,BR,-6.38,-35.1289,77.49,89,15,10.92,few clouds
295,Apopka,US,28.6806,-81.5095,85.64,74,63,1.99,broken clouds
296,Alice Springs,AU,-23.7,133.8833,38.75,56,0,0.0,clear sky
297,San Policarpo,PH,12.1791,125.5072,81.3,80,100,9.15,overcast clouds
298,Haapiti,PF,-17.5667,-149.8667,83.93,72,90,14.65,overcast clouds
299,Kieta,PG,-6.2167,155.6333,80.89,82,39,3.74,scattered clouds
300,Muisne,EC,0.6,-80.0333,82.51,79,100,8.72,overcast clouds
301,Plettenberg Bay,ZA,-34.0527,23.3716,56.07,75,3,3.76,clear sky
302,Asau,RO,46.4333,26.4,67.95,81,23,3.44,light rain
303,Portland,US,45.5234,-122.6762,99.45,41,20,1.01,few clouds
304,Seljord,NO,59.4894,8.634,57.61,88,82,0.27,light rain
305,Clovis,US,36.8252,-119.7029,107.47,24,20,1.01,few clouds
306,Yarada,IN,17.65,83.2667,84.52,79,40,10.36,scattered clouds
307,Pisco,PE,-13.7,-76.2167,66.25,72,0,8.05,clear sky
308,Timmins,CA,48.4669,-81.3331,75.02,50,75,9.22,broken clouds
309,Upington,ZA,-28.4478,21.2561,48.58,31,0,2.3,clear sky
310,Camana,PE,-16.6228,-72.7111,63.28,80,23,7.16,few clouds
311,Akola,IN,20.7333,77.0,77.61,76,100,15.77,overcast clouds
312,Tulum,MX,20.2167,-87.4667,87.93,66,20,8.77,few clouds
313,Mizan Teferi,ET,6.9833,35.5833,60.51,91,100,2.62,overcast clouds
314,Faya,SA,18.3851,42.4509,64.92,73,100,10.47,overcast clouds
315,Lakeway,US,30.3638,-97.9796,87.12,82,90,1.99,overcast clouds
316,Bac Lieu,VN,9.285,105.7244,79.2,85,97,9.62,overcast clouds
317,Puerto Del Rosario,ES,28.5004,-13.8627,73.15,73,3,14.97,clear sky
318,Ilhabela,BR,-23.7781,-45.3581,63.45,87,26,1.05,scattered clouds
319,Carballo,ES,43.213,-8.691,63.01,87,81,3.24,broken clouds
320,Buala,SB,-8.145,159.5921,79.48,83,61,7.61,light rain
321,Biga,TR,40.2281,27.2422,77.05,32,0,5.14,clear sky
322,Kurchum,KZ,48.5722,83.6542,67.68,42,0,4.03,clear sky
323,Kudahuvadhoo,MV,2.6708,72.8944,81.79,72,100,5.75,overcast clouds
324,Oussouye,SN,12.485,-16.5469,77.18,91,100,12.24,light rain
325,Sambava,MG,-14.2667,50.1667,68.36,89,13,8.03,few clouds
326,Sorland,NO,67.667,12.6934,49.96,72,100,11.05,overcast clouds
327,Isangel,VU,-19.55,169.2667,73.51,73,20,9.22,few clouds
328,Santiago Del Estero,AR,-27.7951,-64.2615,58.8,26,0,6.64,clear sky
329,Juba,SS,4.8517,31.5825,70.81,91,94,3.38,overcast clouds
330,Fare,PF,-16.7,-151.0167,78.87,74,63,15.84,broken clouds
331,Hovd,MN,48.0056,91.6419,59.63,50,0,2.21,clear sky
332,Half Moon Bay,US,37.4636,-122.4286,92.75,58,20,9.22,few clouds
333,Aketi,CD,2.7388,23.7833,71.58,86,63,0.6,broken clouds
334,Anadyr,RU,64.75,177.4833,41.5,93,90,28.99,light rain
335,Andapa,MG,-14.65,49.65,58.96,98,18,2.68,few clouds
336,Rawson,AR,-43.3002,-65.1023,59.88,31,39,10.38,scattered clouds
337,Espumoso,BR,-28.7247,-52.8497,49.96,74,0,4.41,clear sky
338,Fuyu,CN,45.1833,124.8167,66.67,99,100,7.18,overcast clouds
339,Puerto Colombia,CO,10.9878,-74.9547,82.49,78,100,10.6,overcast clouds
340,Vila Franca Do Campo,PT,37.7167,-25.4333,68.41,80,0,6.78,clear sky
341,Meulaboh,ID,4.1363,96.1285,74.59,85,83,4.94,broken clouds
342,Whitecourt,CA,54.1502,-115.6855,69.04,94,90,6.91,light rain
343,Pacific Grove,US,36.6177,-121.9166,91.8,70,1,3.0,clear sky
344,Bonthe,SL,7.5264,-12.505,76.21,75,37,6.08,scattered clouds
345,Road Town,VG,18.4167,-64.6167,83.19,74,40,8.05,scattered clouds
346,Bathsheba,BB,13.2167,-59.5167,83.01,74,20,9.22,few clouds
347,Ixtapa,MX,20.7,-105.2,88.83,66,40,14.97,scattered clouds
348,Bahia Honda,CU,22.9036,-83.1592,86.86,66,98,4.23,overcast clouds
349,Visby,SE,57.6409,18.296,59.86,82,40,10.36,scattered clouds
350,Kushmurun,KZ,52.4503,64.6311,69.44,55,43,5.91,scattered clouds
351,Chippewa Falls,US,44.9369,-91.3929,79.72,51,75,5.75,broken clouds
352,Tongliao,CN,43.6125,122.2653,65.35,85,100,3.98,overcast clouds
353,Victoria,HK,22.2855,114.1577,83.32,93,100,1.01,light rain
354,Bukachacha,RU,52.9833,116.9167,59.11,97,97,2.01,overcast clouds
355,Kumphawapi,TH,17.1087,103.0149,79.0,88,100,4.99,overcast clouds
356,San Vicente,AR,-26.6167,-54.1333,50.65,66,0,3.29,clear sky
357,Iracoubo,GF,5.4802,-53.2011,78.19,84,72,8.37,broken clouds
358,Bandipur,NP,27.9333,84.4167,67.96,96,95,0.56,overcast clouds
359,Ocampo,MX,21.65,-101.5,76.28,36,82,8.97,broken clouds
360,Fort Nelson,CA,58.8053,-122.7002,76.59,69,40,2.3,smoke
361,Neiafu,TO,-18.65,-173.9833,77.68,69,40,4.61,scattered clouds
362,Lavrentiya,RU,65.5833,-171.0,44.69,99,100,8.39,moderate rain
363,Egvekinot,RU,66.3167,-179.1667,34.9,90,100,14.09,light rain
364,Kedrovyy,RU,56.1667,91.8167,54.01,97,81,3.65,broken clouds
365,Charagua,BO,-19.8,-63.2167,63.39,32,38,4.41,scattered clouds
366,Krasnoturinsk,RU,59.7666,60.2086,56.46,97,32,4.61,scattered clouds
367,Wyszkow,PL,52.5928,21.4584,64.35,69,32,9.06,scattered clouds
368,Sladkovo,RU,55.5284,70.3385,59.31,78,34,6.62,scattered clouds
369,Haines Junction,CA,60.7522,-137.5108,71.55,53,94,5.75,light rain
370,Deputatskiy,RU,69.3,139.9,44.98,53,6,5.75,clear sky
371,Edd,ER,13.9297,41.6925,88.25,67,93,2.06,overcast clouds
372,Vilyuysk,RU,63.7553,121.6247,64.26,52,0,6.49,clear sky
373,Sao Filipe,CV,14.8961,-24.4956,76.78,82,32,5.28,scattered clouds
374,Penzance,GB,50.1186,-5.5371,58.21,80,52,6.13,broken clouds
375,Westport,US,41.1415,-73.3579,82.74,50,1,5.99,clear sky
376,Niamey,NE,13.5137,2.1098,88.09,58,0,3.44,clear sky
377,Aberdeen,GB,57.1437,-2.0981,54.09,87,90,6.91,overcast clouds
378,Juneau,US,58.3019,-134.4197,66.25,68,90,13.8,overcast clouds
379,Sijunjung,ID,-0.6876,100.9537,70.75,94,97,1.63,overcast clouds
380,Namibe,AO,-15.1961,12.1522,69.1,82,85,2.19,overcast clouds
381,Kingisepp,RU,59.3733,28.6134,55.47,97,100,9.71,overcast clouds
382,Lac Du Bonnet,CA,50.2536,-96.0612,86.59,22,20,6.04,few clouds
383,Thayetmyo,MM,19.3167,95.1833,76.23,94,100,5.39,overcast clouds
384,Sexsmith,CA,55.35,-118.786,72.75,68,90,5.75,smoke
385,Dhidhdhoo,MV,6.8833,73.1,82.17,73,90,8.08,overcast clouds
386,Bandarbeyla,SO,9.4942,50.8122,77.4,77,14,31.16,few clouds
387,Aksu,CN,41.1231,80.2644,74.97,32,93,12.84,overcast clouds
388,Palmares Do Sul,BR,-30.2578,-50.5097,52.09,84,0,5.97,clear sky
389,Santa Barbara,US,34.7333,-120.0343,95.14,36,1,12.66,clear sky
390,Uribia,CO,11.7139,-72.266,91.94,45,73,9.22,broken clouds
391,Ribeira Grande,PT,38.5167,-28.7,73.31,92,48,7.4,scattered clouds
392,Taltal,CL,-25.4,-70.4833,60.03,75,23,2.53,few clouds
393,Ust-Omchug,RU,61.15,149.6333,44.11,57,9,8.97,clear sky
394,Panuco,MX,22.05,-98.1667,91.58,47,44,16.62,scattered clouds
395,Salinas,US,36.6777,-121.6555,92.21,58,1,13.8,clear sky
396,Pietarsaari,FI,63.65,22.6833,58.89,92,100,9.6,overcast clouds
397,Umm Lajj,SA,25.0213,37.2685,89.11,46,5,0.54,clear sky
398,Rognan,NO,67.0953,15.3878,48.34,90,98,0.96,overcast clouds
399,Saryg-Sep,RU,51.5,95.6,48.02,88,0,3.24,clear sky
400,Nishihara,JP,26.1842,127.7558,82.06,97,75,13.8,broken clouds
401,Ust-Ishim,RU,57.6935,71.1665,55.81,96,7,4.9,clear sky
402,Trairi,BR,-3.2778,-39.2689,77.92,72,6,7.4,clear sky
403,Bagotville,AU,-28.9833,153.4167,63.64,93,100,7.02,overcast clouds
404,Aranos,NA,-24.1333,19.1167,56.01,28,0,12.08,clear sky
405,Morros,BR,-9.4467,-46.3003,76.55,31,10,4.29,clear sky
406,Sal Rei,CV,16.1833,-22.9167,77.56,82,66,8.14,broken clouds
407,Cartagena,CO,10.3997,-75.5144,83.82,79,90,10.36,overcast clouds
408,Safranbolu,TR,41.2508,32.6942,65.28,56,0,1.72,clear sky
409,Diffa,NE,13.3154,12.6113,83.62,61,76,5.75,broken clouds
410,Sandwick,GB,60.0,-1.25,51.62,82,75,3.44,broken clouds
411,Vrangel,RU,42.7297,133.0839,69.64,94,94,10.33,overcast clouds
412,Upernavik,GL,72.7868,-56.1549,47.19,66,26,1.83,scattered clouds
413,Lorengau,PG,-2.0226,147.2712,82.17,80,18,8.86,few clouds
414,Valparaiso,CL,-33.0393,-71.6273,54.52,91,90,3.44,fog
415,Charters Towers,AU,-20.1,146.2667,60.48,81,4,5.14,clear sky
416,Limon,CR,10.0,-83.0333,80.49,83,90,4.61,overcast clouds
417,Jaynagar-Majilpur,IN,22.1758,88.4178,84.16,82,100,5.82,overcast clouds
418,Sitka,US,57.0531,-135.33,62.49,72,90,14.97,overcast clouds
419,Rassvet,RU,46.8333,40.75,75.79,60,24,3.69,few clouds
420,Graulhet,FR,43.7669,1.9894,63.34,71,5,3.44,clear sky
421,Siddhapur,IN,23.9167,72.3833,79.25,83,100,12.37,overcast clouds
422,Hamilton,US,39.1834,-84.5333,78.96,52,40,3.0,scattered clouds
423,Camacupa,AO,-12.0167,17.4833,60.1,29,0,3.11,clear sky
424,Coquimbo,CL,-29.9533,-71.3436,56.93,82,0,11.5,clear sky
425,Nantucket,US,41.2835,-70.0995,79.25,69,20,10.36,few clouds
426,Palmer,US,42.1584,-72.3287,78.67,53,20,8.05,few clouds
427,College,US,64.8569,-147.8028,84.15,45,20,6.91,few clouds
428,Kolda,SN,12.8833,-14.95,74.3,97,100,5.68,overcast clouds
429,Ballina,AU,-28.8667,153.5667,63.79,90,100,8.66,overcast clouds
430,Mao,ES,39.8885,4.2658,73.96,73,20,6.91,few clouds
431,Kayerkan,RU,69.3497,87.7602,62.51,59,100,5.84,overcast clouds
432,Bela Vista De Goias,BR,-16.9728,-48.9533,78.15,39,1,5.37,clear sky
433,Santiago De Cao,PE,-7.9589,-79.2392,66.33,77,20,11.5,fog
434,Matara,LK,5.9485,80.5353,77.83,88,100,11.68,overcast clouds
435,Jumla,NP,29.2747,82.1838,63.64,96,95,2.66,overcast clouds
436,Athabasca,CA,54.7169,-113.2854,75.02,26,100,14.58,light rain
437,Lexington,US,37.9887,-84.4777,78.94,47,20,1.01,few clouds
438,Urumqi,CN,43.801,87.6005,70.75,25,0,13.42,clear sky
439,Amarante Do Maranhao,BR,-5.5667,-46.7422,80.06,29,5,2.98,clear sky
440,Harnosand,SE,62.6323,17.9379,55.99,55,98,12.19,overcast clouds
441,Zanesville,US,39.9404,-82.0132,79.3,47,40,1.01,scattered clouds
442,Bushenyi,UG,-0.5853,30.2114,60.39,65,33,1.99,scattered clouds
443,Sahuaripa,MX,29.05,-109.2333,97.83,36,9,2.93,clear sky
444,Quimper,FR,48.0,-4.1,59.07,88,0,3.44,clear sky
445,Lichinga,MZ,-13.3128,35.2406,59.74,44,77,2.73,broken clouds
446,Birjand,IR,32.8663,59.2211,68.47,19,0,6.91,clear sky
447,Napa,US,38.4832,-122.3344,95.56,31,100,5.57,overcast clouds
448,Kindu,CD,-2.95,25.95,74.34,55,52,0.81,broken clouds
449,Devils Lake,US,48.1128,-98.8651,87.91,30,1,5.75,clear sky
450,Marsala,IT,37.7966,12.4352,84.99,83,0,1.14,clear sky
451,Kelo,TD,9.3086,15.8066,74.52,85,84,4.68,light rain
452,Biak,ID,-0.9131,122.8766,74.88,79,58,6.78,broken clouds
453,Vigrestad,NO,58.5667,5.7,54.59,68,52,18.37,broken clouds
454,Wurzburg,DE,49.7878,9.9361,59.45,91,19,4.99,few clouds
455,Kahului,US,20.8947,-156.47,84.94,64,40,23.02,scattered clouds
456,Wahiawa,US,21.5028,-158.0236,84.52,60,20,20.71,few clouds
457,Miyako,JP,39.6367,141.9525,79.83,83,98,7.7,overcast clouds
458,Araouane,ML,18.9048,-3.5265,98.06,29,17,6.76,few clouds
459,Mehamn,NO,71.0357,27.8492,47.39,83,43,2.37,scattered clouds
460,Uruzgan,AF,32.8333,66.0,72.95,15,0,5.17,clear sky
461,Pinega,RU,64.7001,43.3936,56.43,95,99,4.97,overcast clouds
462,Zhanaozen,KZ,43.3,52.8,86.58,16,9,9.57,clear sky
463,Kampong Chhnang,KH,12.1667,104.55,77.5,78,100,1.36,overcast clouds
464,Baiyin,CN,36.5583,104.2081,61.68,74,99,14.81,light rain
465,San Cristobal,VE,7.7669,-72.225,78.98,90,100,6.08,overcast clouds
466,Mbigou,GA,-1.9005,11.906,69.6,83,99,2.35,overcast clouds
467,Nadym,RU,65.5333,72.5167,54.9,87,70,9.31,broken clouds
468,Erzin,TR,36.9559,36.2,81.32,80,1,1.52,clear sky
469,Monteagudo,BO,-19.8167,-63.9833,60.98,39,56,2.26,broken clouds
470,Churapcha,RU,62.0025,132.4325,67.19,54,100,11.77,overcast clouds
471,Turukhansk,RU,65.8167,87.9833,61.43,73,100,11.79,overcast clouds
472,Viedma,AR,-40.8135,-62.9967,59.76,30,53,9.26,broken clouds
473,Erenhot,CN,43.6475,111.9767,72.19,48,100,8.19,overcast clouds
474,Shaoxing,CN,30.011,120.5715,80.55,97,81,5.17,moderate rain
475,Wencheng,CN,33.0559,113.7978,73.02,87,1,4.68,light rain
476,Bhachau,IN,23.2833,70.35,81.3,79,88,17.85,overcast clouds
477,Terrace,CA,54.5163,-128.6035,78.71,36,20,20.71,few clouds
478,Sidhi,IN,24.4167,81.8833,75.22,87,69,8.93,broken clouds
479,Poum,NC,-20.2333,164.0167,68.4,64,9,9.33,clear sky
480,Sobolevo,RU,54.4299,31.8996,61.12,84,37,9.4,scattered clouds
481,Luderitz,NA,-26.6481,15.1594,66.81,37,0,1.83,clear sky
482,Namatanai,PG,-3.6667,152.4333,80.94,79,27,6.04,scattered clouds
483,Santa Isabel Do Rio Negro,BR,-0.4139,-65.0192,79.14,70,71,2.39,broken clouds
484,Suez,EG,29.9737,32.5263,83.43,35,0,9.06,clear sky
485,Kafanchan,NG,9.5833,8.3,67.24,96,100,2.26,overcast clouds
486,Ambulu,ID,-8.345,113.6058,74.88,93,95,4.92,overcast clouds
487,Espanola,US,35.9911,-106.0806,84.0,42,78,12.8,broken clouds
488,Palana,RU,59.1167,159.9667,46.6,83,73,10.47,broken clouds
489,Grand Forks,US,47.9417,-97.4337,91.33,25,20,11.5,smoke
490,Sibolga,ID,1.7427,98.7792,75.99,84,88,3.62,overcast clouds
491,La Paz,BO,-16.5,-68.15,45.05,67,42,10.29,scattered clouds
492,Nouakchott,MR,18.0858,-15.9785,80.53,86,93,6.87,overcast clouds
493,Nhulunbuy,AU,-12.2333,136.7667,74.01,88,40,4.61,scattered clouds
494,Yarmouth,US,41.7057,-70.2286,79.27,57,75,3.44,broken clouds
495,Hilton Head Island,US,32.2163,-80.7526,87.85,87,91,1.01,overcast clouds
496,Thinadhoo,MV,0.5333,72.9333,81.36,71,100,2.62,overcast clouds
497,Labuhan,ID,-6.8844,112.2051,75.94,87,68,10.87,broken clouds
498,Yukamenskoye,RU,57.8865,52.2416,63.41,90,100,3.22,overcast clouds
499,Basay,PH,9.4087,122.64,81.72,81,100,10.89,overcast clouds
500,Okakarara,NA,-20.5833,17.4333,53.78,38,0,7.43,clear sky
501,Ode,NG,7.7899,5.7117,69.13,96,100,3.67,overcast clouds
502,Jelling,DK,55.7559,9.4258,58.12,76,90,4.0,overcast clouds
503,Manggar,ID,-2.8833,108.2667,81.16,77,100,10.04,overcast clouds
504,Huanren,CN,41.2647,125.3667,67.6,98,40,0.83,scattered clouds
505,Arua,UG,3.0201,30.9111,61.39,91,9,3.56,clear sky
506,Pasni,PK,25.2631,63.471,80.92,85,76,12.12,broken clouds
507,Coos Bay,US,43.3665,-124.2179,98.85,88,75,23.02,broken clouds
508,Ngorongoro,TZ,-3.2397,35.4875,46.94,83,48,5.3,scattered clouds
509,Maumere,ID,-8.6199,122.2111,78.93,81,81,8.03,broken clouds
510,Jardim Do Serido,BR,-6.5844,-36.7744,78.48,60,41,24.99,scattered clouds
511,Katherine,AU,-14.4667,132.2667,64.72,72,72,4.61,broken clouds
512,Chumikan,RU,54.7183,135.315,51.58,97,100,12.48,light rain
513,Berlevag,NO,70.8578,29.0864,47.05,82,7,3.04,clear sky
514,Chernyshevskiy,RU,63.0128,112.4714,61.2,52,57,6.51,broken clouds
515,Tarut,SA,26.5733,50.0369,98.58,38,6,10.18,clear sky
516,Kodinsk,RU,58.6881,99.1844,54.37,86,25,0.67,scattered clouds
517,Yar-Sale,RU,66.8333,70.8333,54.9,94,100,5.48,overcast clouds
518,Takaka,NZ,-40.85,172.8,53.38,85,100,4.47,light rain
519,Kirakira,SB,-10.4544,161.9205,77.59,75,99,9.6,overcast clouds
520,Tura,IN,25.5198,90.2201,73.9,98,100,3.51,overcast clouds
521,Basco,PH,20.4487,121.9702,82.54,88,100,32.39,overcast clouds
522,Piranshahr,IR,36.701,45.1413,66.97,68,5,6.24,clear sky
523,Vaitape,PF,-16.5167,-151.75,79.14,75,61,16.69,broken clouds
524,Kloulklubed,PW,7.0419,134.2556,79.3,78,66,13.27,broken clouds
525,Amurzet,RU,47.6967,131.0981,72.84,80,52,4.65,broken clouds
526,Shiyan,CN,32.6475,110.7781,77.68,84,95,4.38,overcast clouds
527,Paita,PE,-5.0892,-81.1144,70.36,77,6,15.95,clear sky
528,La Romana,DO,18.4273,-68.9728,86.36,66,40,13.8,scattered clouds
529,Ahipara,NZ,-35.1667,173.1667,54.55,83,11,28.77,few clouds
530,Maniitsoq,GL,65.4167,-52.9,47.03,92,100,5.82,overcast clouds
531,Kidal,ML,18.4411,1.4078,82.63,58,76,16.17,broken clouds
532,Pecos,US,31.4229,-103.4932,85.03,69,40,0.0,scattered clouds
533,Sinjai,ID,-5.1241,120.253,73.54,87,7,2.84,clear sky
534,Karakol,KG,42.4907,78.3936,58.77,51,100,3.02,overcast clouds
535,Bani Walid,LY,31.7566,13.9942,81.66,37,0,7.49,clear sky
536,Tazovskiy,RU,67.4667,78.7,54.95,86,59,6.82,broken clouds
537,Marieville,CA,45.4334,-73.1658,75.78,48,21,10.67,few clouds
538,Bois-Guillaume,FR,49.4602,1.1222,59.9,86,100,2.3,mist
539,Klaksvik,FO,62.2266,-6.589,50.92,86,100,11.32,overcast clouds
540,San Andres,CO,12.5847,-81.7006,84.22,79,75,10.36,broken clouds
541,Methoni,GR,36.8197,21.7049,90.21,53,0,12.37,clear sky
542,Opuwo,NA,-18.0607,13.84,60.3,39,0,3.78,clear sky
543,Kattivakkam,IN,13.2167,80.3167,84.29,58,99,14.36,overcast clouds
544,Phayakkhaphum Phisai,TH,15.5163,103.1937,82.42,76,100,14.34,overcast clouds
545,Teguise,ES,29.0605,-13.564,68.22,83,20,18.41,few clouds
546,Wamba,NG,8.9333,8.6,70.74,95,97,2.75,light rain
547,Chapais,CA,49.7834,-74.8492,64.18,60,100,10.31,overcast clouds
548,Sabang,ID,5.8933,95.3214,82.51,75,99,20.87,overcast clouds
549,Belogorsk,RU,50.9158,128.4611,61.05,95,100,6.02,light rain
550,Broome,US,42.2506,-75.833,73.17,53,20,3.0,few clouds
551,Mansa,IN,29.9833,75.3833,86.18,73,100,4.72,overcast clouds
552,Vilhena,BR,-12.7406,-60.1458,80.82,36,0,9.22,clear sky
553,North Bend,US,43.4065,-124.2243,77.23,88,75,23.02,broken clouds
554,Vysokogornyy,RU,50.1167,139.15,60.94,90,93,3.71,overcast clouds
555,Sampit,ID,-2.5333,112.95,74.84,97,100,1.12,overcast clouds
556,Timbiqui,CO,2.7717,-77.6654,78.84,89,100,6.42,light rain
557,Hambantota,LK,6.1241,81.1185,78.91,81,100,18.81,overcast clouds
558,Libreville,GA,0.3925,9.4537,78.82,83,40,8.05,scattered clouds
559,Boende,CD,-0.2167,20.8667,78.82,59,100,2.17,overcast clouds
560,Stubbekobing,DK,54.8887,12.041,59.02,75,18,10.83,few clouds
561,Syasstroy,RU,60.1367,32.5691,63.82,97,100,11.3,light rain
562,Ganzhou,CN,28.8184,115.4327,79.03,83,5,5.14,clear sky
563,Ialibu,PG,-6.2821,143.9935,59.63,97,100,1.97,overcast clouds
564,Liepaja,LV,56.5419,21.0367,62.65,82,40,8.05,scattered clouds
565,Port Hardy,CA,50.6996,-127.4199,64.58,63,40,12.66,scattered clouds
566,Nagbalaye,PH,9.2492,122.8759,81.28,83,100,9.42,moderate rain
567,Varhaug,NO,58.6147,5.6457,54.48,68,59,18.12,broken clouds
568,Samana,DO,19.2056,-69.3369,82.36,72,89,7.74,overcast clouds
569,Taoudenni,ML,22.6783,-3.9836,95.41,32,98,16.93,overcast clouds
570,Anchorage,US,61.2181,-149.9003,79.68,61,1,5.75,clear sky
571,Point Pedro,LK,9.8167,80.2333,82.71,76,64,20.09,broken clouds
572,Snasa,NO,64.2457,12.3778,42.96,96,37,4.74,scattered clouds
573,Rylsk,RU,51.5655,34.6822,64.31,93,37,7.94,scattered clouds
574,Apatou,GF,5.155,-54.3472,75.22,94,88,2.57,overcast clouds
575,Tomra,NO,62.5833,6.9333,53.83,84,65,4.09,broken clouds
576,Puerto Escondido,MX,15.85,-97.0667,90.43,66,40,10.36,scattered clouds
577,Cairns,AU,-16.9167,145.7667,73.35,56,75,9.22,broken clouds
578,Butembo,CD,0.15,29.2833,56.77,90,52,2.64,broken clouds
579,Bharatpur,IN,27.2167,77.4833,79.7,86,26,7.65,scattered clouds
580,Svetlyy,RU,54.675,20.1347,60.85,80,32,18.68,scattered clouds
581,Kibungan,PH,16.695,120.6553,65.57,98,100,2.84,moderate rain
582,Lagos,NG,6.5833,3.75,79.12,92,100,3.96,overcast clouds
583,Okhotsk,RU,59.3833,143.3,58.51,64,100,9.51,overcast clouds
584,Polovinnoye,RU,54.7914,65.9864,63.07,66,95,5.79,overcast clouds
585,Prince Rupert,CA,54.3161,-130.3201,64.49,76,75,3.44,broken clouds
586,Guanare,VE,9.0418,-69.7421,77.02,100,33,9.22,scattered clouds
587,Spanish Town,JM,17.9911,-76.9574,85.68,73,20,23.02,few clouds
588,Goma,CD,-1.6792,29.2228,64.99,64,47,1.99,scattered clouds
589,La Ronge,CA,55.1001,-105.2842,84.45,28,40,3.44,smoke
590,Eydhafushi,MV,5.1033,73.0708,82.53,72,100,5.26,overcast clouds
591,Sovetskiy,RU,61.3614,63.5842,60.19,75,89,4.5,overcast clouds
592,Strezhevoy,RU,60.7333,77.5889,57.18,92,100,1.25,overcast clouds
593,Nuuk,GL,64.1835,-51.7216,50.61,81,90,3.44,overcast clouds
594,Berdigestyakh,RU,62.0989,126.6992,64.33,75,100,8.43,overcast clouds
595,Stornoway,GB,58.2093,-6.3865,57.16,77,90,2.3,overcast clouds
596,Atar,MR,20.5169,-13.0499,93.04,34,28,7.94,scattered clouds
597,Cabedelo,BR,-6.9811,-34.8339,74.07,85,11,14.05,few clouds
598,Harwich,GB,51.9419,1.2844,62.35,82,100,1.01,overcast clouds
599,Kulhudhuffushi,MV,6.6221,73.07,82.2,73,96,7.56,overcast clouds
600,Petropavl,KZ,54.8753,69.1628,59.34,74,44,5.77,scattered clouds
601,Yagodnoye,RU,62.55,149.6667,44.58,56,45,6.91,scattered clouds
602,Luchingu,TZ,-10.9,39.3333,61.41,91,76,5.01,broken clouds
603,Sisimiut,GL,66.9395,-53.6735,47.43,93,100,3.89,light rain
604,Yagoua,CM,10.3411,15.2329,75.87,82,83,4.16,broken clouds
605,Makakilo City,US,21.3469,-158.0858,86.32,51,20,17.27,few clouds
606,Angoche,MZ,-16.2325,39.9086,70.14,67,0,10.92,clear sky
607,Puerto Castilla,HN,16.0167,-85.9667,87.71,70,40,6.91,thunderstorm
608,Emerald,AU,-23.5333,148.1667,63.34,70,12,5.46,few clouds
609,Rafsanjan,IR,30.4067,55.9939,83.37,18,49,2.3,scattered clouds
610,Saint-Pierre,RE,-21.3393,55.4781,66.29,61,40,6.91,scattered clouds
611,Tailai,CN,46.3833,123.4,63.99,98,100,11.99,light rain
612,Polunochnoye,RU,60.8697,60.4153,54.68,96,5,2.77,clear sky
613,Nabire,ID,-3.3667,135.4833,75.54,92,97,3.4,overcast clouds
614,Kawalu,ID,-7.3817,108.2082,71.46,98,98,1.86,overcast clouds
615,Malazgirt,TR,39.1427,42.5401,64.11,61,2,4.36,clear sky
616,Shirokiy,RU,49.758,129.523,67.03,99,100,3.06,light rain
617,Yekaterinovka,RU,52.0508,44.3451,76.14,36,43,8.79,scattered clouds
618,Dickinson,US,29.4608,-95.0513,94.1,64,40,1.01,scattered clouds
619,Saint-Francois,FR,46.4154,3.9054,62.04,82,90,0.0,overcast clouds
620,Saint-Augustin,CA,51.226,-58.6502,62.44,79,96,16.58,overcast clouds
621,Kamloops,CA,50.6665,-120.3192,79.79,57,75,4.61,smoke
622,Samfya,ZM,-11.3649,29.5565,61.83,54,6,8.48,clear sky
623,Codrington,AU,-38.2667,141.9667,43.2,93,100,8.46,overcast clouds
624,Flin Flon,CA,54.7682,-101.865,89.44,25,20,8.05,smoke
625,Oudtshoorn,ZA,-33.5907,22.2014,53.96,56,0,4.32,clear sky
626,Broken Hill,AU,-31.95,141.4333,42.62,85,5,14.16,clear sky
627,Trelew,AR,-43.249,-65.3051,60.57,26,29,9.42,scattered clouds
628,Stony Plain,CA,53.5334,-114.0021,68.11,88,90,4.61,overcast clouds
629,Fowa,NG,8.9167,6.4,70.84,97,100,3.74,overcast clouds
630,Hun,LY,29.1268,15.9477,87.24,20,0,11.79,clear sky
631,Baie-Saint-Paul,CA,47.4411,-70.4986,71.58,47,92,3.0,overcast clouds
632,Taywarah,AF,33.35,64.4167,55.87,28,0,6.64,clear sky
633,Mandalgovi,MN,45.7625,106.2708,53.44,71,1,8.43,clear sky
634,Antsohihy,MG,-14.8796,47.9875,66.88,87,0,1.83,clear sky
635,Matagami,CA,49.7502,-77.6328,68.11,60,90,9.22,overcast clouds
636,Phan Thiet,VN,10.9333,108.1,76.05,93,92,9.01,overcast clouds
637,Antofagasta,CL,-23.65,-70.4,58.28,70,1,3.09,clear sky
638,Curup,ID,-3.4667,102.5333,67.39,97,85,2.15,overcast clouds
639,Hirara,JP,24.8,125.2833,80.87,94,75,3.44,broken clouds
640,Osa,RU,57.2829,55.4567,63.34,95,84,3.4,broken clouds
641,Buritama,BR,-21.0661,-50.1472,70.59,41,0,5.44,clear sky
642,Semporna,MY,4.4818,118.6112,75.4,80,60,5.35,broken clouds
643,Maues,BR,-3.3836,-57.7186,76.48,84,91,1.81,overcast clouds
644,Abashiri,JP,44.0213,144.2697,73.94,85,51,5.5,broken clouds
645,Le Port,RE,-20.9373,55.2919,66.61,71,6,3.13,clear sky
646,Hualmay,PE,-11.0964,-77.6139,66.45,75,8,9.13,clear sky
647,Morar,IN,26.2261,78.2261,76.06,93,100,9.89,overcast clouds
648,Sukhodol,RU,53.9006,51.2117,73.27,41,90,4.07,overcast clouds
649,Santana Do Livramento,BR,-30.8908,-55.5328,49.42,76,0,3.27,clear sky
650,Korsakov,RU,46.6328,142.7813,60.64,95,100,11.3,light rain
651,Yatou,CN,37.15,122.3833,73.06,90,6,2.75,clear sky
652,Sauda,NO,59.6506,6.3542,53.69,90,32,2.57,scattered clouds
653,Grindavik,IS,63.8424,-22.4338,53.55,87,75,6.91,broken clouds
654,Shitkino,RU,56.3703,98.3543,53.94,95,4,3.27,clear sky
655,Trat,TH,12.5,102.5,76.55,94,100,3.96,moderate rain
656,Manado,ID,1.487,124.8455,75.97,94,20,0.0,few clouds
657,Douglas,US,41.3,-96.167,81.52,47,90,3.0,overcast clouds
658,Conceicao Do Araguaia,BR,-8.2578,-49.2647,86.13,39,0,4.16,clear sky
659,Goderich,CA,43.7501,-81.7165,68.92,60,15,5.75,few clouds
660,Olafsvik,IS,64.8945,-23.7142,53.11,81,100,4.56,overcast clouds
661,Vanimo,PG,-2.6741,141.3028,78.66,86,97,5.82,overcast clouds
662,Quime,BO,-16.9833,-67.2167,46.58,86,97,5.5,overcast clouds
663,Mookane,BW,-23.688,26.6595,57.94,16,0,4.05,clear sky
664,Saquena,PE,-4.6667,-73.5167,84.31,51,55,1.97,broken clouds
665,Altay,CN,47.8667,88.1167,62.11,42,0,5.28,clear sky
666,Chicama,PE,-7.8447,-79.1469,64.94,65,2,8.9,clear sky
667,Vagur,FO,61.4732,-6.8119,50.83,85,100,10.13,overcast clouds
668,Jieshi,CN,22.8134,115.8257,84.94,85,91,1.45,overcast clouds
669,Batemans Bay,AU,-35.7167,150.1833,55.9,74,69,8.16,broken clouds
670,Collie,AU,-33.3667,116.15,48.47,90,100,2.46,overcast clouds
671,Montepuez,MZ,-13.1256,38.9997,65.95,74,83,7.76,broken clouds
672,Bara,NG,10.3744,10.7288,74.91,86,79,5.93,broken clouds
673,Ugoofaaru,MV,5.6667,73.0,82.08,74,100,6.71,overcast clouds
674,Chimore,BO,-16.9833,-65.1333,74.07,41,1,0.76,clear sky
675,Lazaro Cardenas,MX,17.9583,-102.2,86.27,71,17,9.17,few clouds
676,Sept-Iles,CA,50.2001,-66.3821,68.25,68,75,1.01,broken clouds
677,Coihueco,CL,-36.6167,-71.8333,59.74,51,0,13.8,clear sky
678,Jiamusi,CN,46.8333,130.35,74.59,77,92,3.4,overcast clouds
679,Urusha,RU,54.05,122.9,55.87,94,76,3.27,broken clouds
680,Aruppukkottai,IN,9.5167,78.1,81.9,54,87,8.3,overcast clouds
681,Gillette,US,44.2911,-105.5022,90.81,17,1,4.0,clear sky
682,Parana,AR,-31.732,-60.5238,59.58,57,0,6.04,clear sky
683,Sumenep,ID,-7.0167,113.8667,77.27,84,30,4.16,scattered clouds
684,Bilibino,RU,68.0546,166.4372,35.74,82,99,14.03,overcast clouds
685,Pokrovsk,UA,48.282,37.1758,73.58,57,6,6.73,clear sky
686,Clarence Town,AU,-32.5833,151.7833,59.95,92,75,7.27,broken clouds
687,Makat,KZ,47.6469,53.3463,90.77,19,68,1.66,broken clouds
688,Ust-Maya,RU,60.4167,134.5333,59.63,76,100,11.36,light rain
689,Turka,UA,49.1541,23.0297,58.26,89,21,2.15,light rain
690,Ambilobe,MG,-13.2,49.05,66.63,87,9,3.49,clear sky
691,Ampanihy,MG,-24.7,44.75,62.24,82,0,3.44,clear sky
692,Las Tunas,CU,20.9617,-76.9511,89.73,71,99,13.98,overcast clouds
693,Chateauroux,FR,46.8167,1.7,60.8,94,0,8.05,clear sky
694,Natal,BR,-5.795,-35.2094,77.22,83,75,6.91,broken clouds
695,Igrim,RU,63.1906,64.4162,55.63,96,97,3.47,overcast clouds
696,Nosy Varika,MG,-20.5833,48.5333,65.23,91,17,6.13,few clouds
